2018,APRILIA,50,"AMICO 50"
2018,APRILIA,50,"RALLY 50"
2018,APRILIA,50,"Sonic 50"
2018,APRILIA,50,"SR 50"
2018,APRILIA,50,"TUAREG 50"
2018,APRILIA,100,"SCARABEO 100"
2018,APRILIA,125,"AF1 125"
2018,APRILIA,125,"AS 125 R"
2018,APRILIA,125,"MX 125"
2018,APRILIA,125,"RS 125"
2018,APRILIA,125,"RX 125"
2018,APRILIA,125,"Sport 125"
2018,APRILIA,125,"SR 125"
2018,APRILIA,125,"TREND GO WEST 125"
2018,APRILIA,125,"TUAREG 125"
2018,APRILIA,150,"SCARABEO 150"
2018,APRILIA,150,"SR 150"
2018,APRILIA,200,"Arrecife 200"
2018,APRILIA,200,"CLIMBER 200"
2018,APRILIA,200,"SCARABEO 200"
2018,APRILIA,200,"Sport City 200"
2018,APRILIA,250,"AF1 250"
2018,APRILIA,250,"RS 250"
2018,APRILIA,250,"RX 250"
2018,APRILIA,250,"Sport City 250"
2018,APRILIA,250,"TUAREG 250"
2018,APRILIA,350,"ETX 350"
2018,APRILIA,350,"TUAREG 350"
2018,APRILIA,400,"SCARABEO 400"
2018,APRILIA,450,"MXV 450"
2018,APRILIA,450,"RXV 450"
2018,APRILIA,450,"SXV 450"
2018,APRILIA,500,"SCARABEO 500"
2018,APRILIA,550,"RXV 550"
2018,APRILIA,550,"SXV 550"
2018,APRILIA,600,"ETX 600"
2018,APRILIA,600,"Tuareg 600"
2018,APRILIA,750,"SL 750 SHIVER"
2018,APRILIA,850,"SRV 850"
2018,APRILIA,1000,"BLUE MARLIN"
2018,APRILIA,1000,"Caponord 1000"
2018,APRILIA,1000,"RSV 1000"
2018,APRILIA,1000,"RSV4 1000"
2018,"ARCTIC CAT",400,DVX
2018,ATALA,50,CAROSELLO
2018,BENELLI,50,491
2018,BENELLI,50,K2
2018,BENELLI,100,K2
2018,BENELLI,100,"K2 100"
2018,BENELLI,125,"2 C 125"
2018,BENELLI,125,"666 125"
2018,BENELLI,125,"Caffe Nero 125"
2018,BENELLI,125,"Macis 125"
2018,BENELLI,150,"Macis 150"
2018,BENELLI,250,"250 4"
2018,BENELLI,302,"BN 302"
2018,BENELLI,350,350
2018,BENELLI,350,"354 Sport"
2018,BENELLI,350,"4 Zyl. (Cyl.)"
2018,BENELLI,449,"BX 449"
2018,BENELLI,500,"4 Zyl.(Cyl.)"
2018,BENELLI,500,"500 LS"
2018,BENELLI,500,"500 QUATTRO"
2018,BENELLI,505,"BX 505"
2018,BENELLI,600,"BN 600"
2018,BENELLI,650,650
2018,BENELLI,650,"650 T"
2018,BENELLI,650,"654 SPORT"
2018,BENELLI,750,"750 SEI"
2018,BENELLI,756,"756 CUE"
2018,BENELLI,899,"TNT 899"
2018,BENELLI,899,"TRE 899"
2018,BENELLI,900,"900 SEI"
2018,BENELLI,900,"TRE 900"
2018,BENELLI,1130,"TNT 1130"
2018,BETA,50,ARK
2018,BETA,50,CHRONO
2018,BETA,50,QUADRA
2018,BETA,125,JONATHAN
2018,BETA,125,KR
2018,BETA,240,Alp
2018,BETA,250,CR
2018,BETA,250,KR
2018,BETA,300,CROSSTRAINER
2018,BETA,350,Alp
2018,BETA,350,Euro
2018,BETA,350,JONATHAN
2018,BETA,350,"M 4"
2018,BETA,500,GS
2018,BIMOTA,300,BBX
2018,BIMOTA,400,YB
2018,BIMOTA,508,BBX
2018,BIMOTA,600,Bellaria
2018,BIMOTA,600,YB
2018,BIMOTA,750,SB
2018,BIMOTA,750,YB
2018,BIMOTA,904,DB
2018,BIMOTA,906,TESI
2018,BIMOTA,1000,BB
2018,BIMOTA,1000,DB
2018,BIMOTA,1000,SB
2018,BIMOTA,1000,SB8K
2018,BIMOTA,1000,YB
2018,BIMOTA,1078,DB
2018,BIMOTA,1099,DB
2018,BIMOTA,1100,DB
2018,BIMOTA,1100,DBX
2018,BIMOTA,1100,TESI
2018,BIMOTA,1198,DB
2018,BIMOTA,1200,DB
2018,BMW,125,C1
2018,BMW,200,C1
2018,BMW,750,K75
2018,BMW,800,F700
2018,BMW,800,"F800 GT"
2018,BMW,800,"F800 R"
2018,BMW,850,"R850 R"
2018,BMW,1000,HP4
2018,BMW,1000,K100
2018,BMW,1000,R100
2018,BMW,1000,"S1000 XR"
2018,BMW,1200,"K1200 GT"
2018,BMW,1200,"R NINE T"
2018,BMW,1200,"R1200 C"
2018,BMW,1200,"R1200 GS"
2018,BMW,1200,"R1200 R"
2018,BMW,1200,"R1200 RS"
2018,BMW,1200,"R1200 RT"
2018,BMW,1300,"K1300 R"
2018,BMW,1600,"K1600 GTL"
2018,"BRP Can-Am",500,OUTLANDER
2018,"BRP Can-Am",650,OUTLANDER
2018,"BRP Can-Am",800,OUTLANDER
2018,"BRP Can-Am",1000,OUTLANDER
2018,"BRP Can-Am",1000,RENEGADE
2018,"BS VILLA",50,"DIO GP"
2018,"BS VILLA",50,"DIO SP"
2018,"BS VILLA",50,GZ
2018,"BS VILLA",50,ZX
2018,BUELL,1200,"X1 Lightning"
2018,CAGIVA,50,"BLUES 50"
2018,CAGIVA,50,"COCIS 50"
2018,CAGIVA,50,"CUCCIOLO 50"
2018,CAGIVA,50,"LUCKY EXPLORER 50"
2018,CAGIVA,50,"NUVOLA 50"
2018,CAGIVA,50,"Super City 50"
2018,CAGIVA,50,"W4 50"
2018,CAGIVA,75,"Cocis 75"
2018,CAGIVA,80,"COCIS 80"
2018,CAGIVA,80,"Super City 80"
2018,CAGIVA,80,"W4 80"
2018,CAGIVA,125,"BLUES 125"
2018,CAGIVA,125,"ELEFANT 125"
2018,CAGIVA,125,"FRECCIA 125"
2018,CAGIVA,125,"K7 125"
2018,CAGIVA,125,"MITO 125"
2018,CAGIVA,125,"MITO 525"
2018,CAGIVA,125,"NUVOLA 125"
2018,CAGIVA,125,"ROADSTER 125"
2018,CAGIVA,125,"Super City 125"
2018,CAGIVA,125,"WMX 125"
2018,CAGIVA,200,"ROADSTER 200"
2018,CAGIVA,250,"ALA BLU 250"
2018,CAGIVA,250,"ALA ROSSA 250"
2018,CAGIVA,250,"ALA VERDE 250"
2018,CAGIVA,250,"SST 250"
2018,CAGIVA,250,"SSX 250"
2018,CAGIVA,250,"ST 250"
2018,CAGIVA,250,"SX 250"
2018,CAGIVA,250,"WRX 125"
2018,CAGIVA,350,"ALA AZZURRA 350"
2018,CAGIVA,350,"ALA BLU 350"
2018,CAGIVA,350,"ALA ROSSA 350"
2018,CAGIVA,350,"ALA VERDE 350"
2018,CAGIVA,350,"ELEFANT 350"
2018,CAGIVA,350,"SST 350"
2018,CAGIVA,350,"SX 350"
2018,CAGIVA,350,"T4 ER350"
2018,CAGIVA,350,"W12 350"
2018,CAGIVA,500,"River 500"
2018,CAGIVA,500,"T4 ER500"
2018,CAGIVA,500,"WMX 500"
2018,CAGIVA,600,"RIVER 600"
2018,CAGIVA,650,"ALA AZZURRA 650"
2018,CAGIVA,650,"ELEFANT 650"
2018,CAGIVA,750,"DAKAR 750"
2018,CAGIVA,900,"Elefant 900"
2018,CAGIVA,900,"GRAN CANYON 900"
2018,CAGIVA,906,"ELEFANT 906"
2018,CAGIVA,1000,"NAVIGATOR 1000"
2018,CAGIVA,1000,"RAPTOR 1000"
2018,CPI,50,BABY
2018,CPI,125,SAHEL
2018,DAELIM,50,DELFINO
2018,DAELIM,50,E-FIVE
2018,DAELIM,50,HISTORY
2018,DAELIM,50,MESSAGE
2018,DAELIM,50,S-FIVE
2018,DAELIM,50,"SE CORDI"
2018,DAELIM,50,TAPO
2018,DAELIM,50,VIVO
2018,DAELIM,100,ALTINO
2018,DAELIM,100,DELFINO
2018,DAELIM,125,ALTINO
2018,DAELIM,125,"Daystar 125"
2018,DAELIM,125,HISTORY
2018,DAELIM,125,MESSAGE
2018,DAELIM,125,NF
2018,DAELIM,125,NS
2018,DAELIM,125,OTELLO
2018,DAELIM,125,ROADWIN
2018,DAELIM,125,ROCKET
2018,DAELIM,125,S2
2018,DAELIM,125,S3
2018,DAELIM,125,SL
2018,DAELIM,125,"U2 FI"
2018,DAELIM,125,VL
2018,DAELIM,125,VS
2018,DAELIM,125,VT
2018,DAELIM,150,ROADWIN
2018,DAELIM,250,ROADWIN
2018,DAELIM,250,S2
2018,DERBI,50,ATLANTIS
2018,DERBI,50,"ATLANTIS CITY"
2018,DERBI,50,DIRT
2018,DERBI,50,EASY
2018,DERBI,50,GP1
2018,DERBI,50,GPR
2018,DERBI,50,HUNTER
2018,DERBI,75,TT8
2018,DERBI,80,GPR
2018,DERBI,125,Mulhacén
2018,DERBI,125,PREDATOR
2018,DERBI,125,Terra
2018,DERBI,150,ATLANTIS
2018,DERBI,180,PREDATOR
2018,DERBI,200,BOULEVARD
2018,DERBI,250,GP1
2018,DERBI,250,RAMBLA
2018,DERBI,250,RC
2018,DERBI,659,Mulhacén
2018,DUCATI,350,F3
2018,DUCATI,350,Indiana
2018,DUCATI,350,S-GTL
2018,DUCATI,350,SUPERSPORT
2018,DUCATI,400,F3
2018,DUCATI,500,"500 GTV"
2018,DUCATI,500,"500 PANTAH"
2018,DUCATI,500,"S 500"
2018,DUCATI,500,SUPERSPORT
2018,DUCATI,502,"502 SINGLE"
2018,DUCATI,502,"502 SUPERMONO"
2018,DUCATI,550,"550 SUPERMONO"
2018,DUCATI,600,"600 SL"
2018,DUCATI,600,"TL PANTAH"
2018,DUCATI,650,"650 DESMO"
2018,DUCATI,650,"650 INDIANA"
2018,DUCATI,750,"750 PASO"
2018,DUCATI,750,SUPERSPORT
2018,DUCATI,800,SCRAMBLER
2018,DUCATI,821,"Monster 821"
2018,DUCATI,906,Paso
2018,DUCATI,950,"Multistrada 950"
2018,DUCATI,992,"Sport Touring"
2018,DUCATI,1000,"1000 all models"
2018,DUCATI,1000,BIPOSTO
2018,DUCATI,1000,"MILLE REPLICA"
2018,DUCATI,1000,"S2 DESMO"
2018,DUCATI,1200,Diavel
2018,DUCATI,1200,Monster
2018,DUCATI,1200,"MONSTER 1200"
2018,DUCATI,1200,MULTISTRADA
2018,DUCATI,1200,"MULTISTRADA 1200"
2018,DUCATI,1260,MULTISTRADA
2018,DUCATI,1299,PANIGALE
2018,E-TON,150,"RXL 150 VIPER R"
2018,GARELLI,50,"PONY SR"
2018,GARELLI,50,SR
2018,GILERA,50,"EASY MOVING"
2018,GILERA,50,RUNNER
2018,GILERA,50,"RUNNER PURE JET ST"
2018,GILERA,50,"RUNNER SP"
2018,GILERA,50,"RUNNER SP RACE"
2018,GILERA,50,"RUNNER SP ST"
2018,GILERA,50,TYPHOON
2018,GILERA,80,TYPHOON
2018,GILERA,125,Apache
2018,GILERA,125,ARIZONA
2018,GILERA,125,"CMM APTS 125"
2018,GILERA,125,Crono
2018,GILERA,125,CX
2018,GILERA,125,DNA
2018,GILERA,125,ER
2018,GILERA,125,"Fast Bike"
2018,GILERA,125,"HX 125 LC"
2018,GILERA,125,"KK 125 APTS"
2018,GILERA,125,KZ
2018,GILERA,125,"KZ 125 ENDURANCE"
2018,GILERA,125,MXR
2018,GILERA,125,"NEXUS EURO 3"
2018,GILERA,125,"R1 125 S"
2018,GILERA,125,"RC Top Rally"
2018,GILERA,125,"RRT 125 NEBRASKA (tubeless tires)"
2018,GILERA,125,"RUNNER SP"
2018,GILERA,125,"RUNNER VX 4T"
2018,GILERA,125,"RV 125 ES"
2018,GILERA,125,RX
2018,GILERA,125,"RX 125 ARIZONA HAWK"
2018,GILERA,125,"SP 01, SP 02"
2018,GILERA,125,XR1
2018,GILERA,125,XR2
2018,GILERA,180,DNA
2018,GILERA,180,"RUNNER FXR"
2018,GILERA,180,"RUNNER SP"
2018,GILERA,200,"ARIZONA HAWK"
2018,GILERA,200,ER
2018,GILERA,200,"Fast Bike"
2018,GILERA,200,RTX
2018,GILERA,200,"RUNNER VX / VXR 4T"
2018,GILERA,200,"RUNNER VXR 4T RACE"
2018,GILERA,200,"RUNNER VXR 4T ST EURO 3"
2018,GILERA,200,"RUNNER VXR EURO 3"
2018,GILERA,200,"RV 200 ES"
2018,GILERA,200,RX
2018,GILERA,200,"RX 200 ARIZONA HAWK"
2018,GILERA,250,"HX 250 LC"
2018,GILERA,250,"NEXUS EURO 3"
2018,GILERA,250,NGR
2018,GILERA,250,"RC 250 RALLY"
2018,GILERA,250,"RX 250 ARIZONA RALLY"
2018,GILERA,350,DAKOTA
2018,GILERA,350,"ER 350"
2018,GILERA,350,XRT
2018,GILERA,500,DAKOTA
2018,GILERA,500,"ER 500"
2018,GILERA,500,"SATURNO 500 PIUMA"
2018,GILERA,550,XRT
2018,GILERA,600,RC
2018,GILERA,600,"RC R"
2018,GILERA,600,SUPERSPORT
2018,GILERA,600,XRT
2018,GILERA,800,"GP 800"
2018,"HARLEY DAVIDSON","30 CI","XG 500 STREET"
2018,"HARLEY DAVIDSON","46 CI","XG 750 STREET"
2018,"HARLEY DAVIDSON","46 CI","XG750A Street Rod"
2018,"HARLEY DAVIDSON","54 CI","SPORTSTER XL883"
2018,"HARLEY DAVIDSON","74 CI","SPORTSTER XL1200"
2018,"HARLEY DAVIDSON","74 CI","XL1200T SuperLow"
2018,"HARLEY DAVIDSON","107 CI","FLDE Deluxe"
2018,"HARLEY DAVIDSON","107 CI","FLFB Fat Boy"
2018,"HARLEY DAVIDSON","107 CI","FLHC Heritage Classic"
2018,"HARLEY DAVIDSON","107 CI","FLHR ROAD KING"
2018,"HARLEY DAVIDSON","107 CI","FLHTCU ULTRA CLASSIC ELECTRA GLIDE"
2018,"HARLEY DAVIDSON","107 CI","FLHTCUTG TRI GLIDE ULTRA CLASSIC"
2018,"HARLEY DAVIDSON","107 CI","FLHTK Ultra Limited"
2018,"HARLEY DAVIDSON","107 CI","FLHTKL ELECTRA GLIDE ULTRA LIMITED"
2018,"HARLEY DAVIDSON","107 CI","FLHX STREET GLIDE"
2018,"HARLEY DAVIDSON","107 CI","FLHXS STREET GLIDE SPECIAL"
2018,"HARLEY DAVIDSON","107 CI","FLRT FREEWHEELER"
2018,"HARLEY DAVIDSON","107 CI","FLSB Sport Glide"
2018,"HARLEY DAVIDSON","107 CI","FLSL Softail Slim"
2018,"HARLEY DAVIDSON","107 CI","FLTRU ROAD GLIDE ULTRA"
2018,"HARLEY DAVIDSON","107 CI","FLTRX ROAD GLIDE"
2018,"HARLEY DAVIDSON","107 CI","FLTRXS ROAD GLIDE SPECIAL"
2018,"HARLEY DAVIDSON","107 CI","FXBB Street Bob"
2018,"HARLEY DAVIDSON","107 CI","FXBR Breakout"
2018,"HARLEY DAVIDSON","107 CI","FXFB Fat Bob"
2018,"HARLEY DAVIDSON","107 CI","FXLR LOW RIDER CUSTOM"
2018,"HARLEY DAVIDSON","114 CI","FLFBS Fat Boy"
2018,"HARLEY DAVIDSON","114 CI","FLHCS Heritage Classic"
2018,"HARLEY DAVIDSON","114 CI","FXBRS Breakout"
2018,"HARLEY DAVIDSON","114 CI","FXFBS Fat Bob"
2018,"HARLEY DAVIDSON",883,"SPORTSTER XL883"
2018,"HARLEY DAVIDSON",1130,"VRSCA V-ROD"
2018,"HARLEY DAVIDSON",1200,"SPORTSTER XL1200"
2018,"HARLEY DAVIDSON",1340,"FXDC DYNA SUPER GLIDE CUSTOM"
2018,"HARLEY DAVIDSON",1340,"FXDWG DYNA WIDE GLIDE"
2018,"HARLEY DAVIDSON",1340,"FXSTB SOFTAIL NIGHT TRAIN"
2018,"HARLEY DAVIDSON",1340,"FXSTC SOFTAIL CUSTOM"
2018,"HARLEY DAVIDSON",1450,"FLHR ROAD KING"
2018,"HARLEY DAVIDSON",1450,"FLHRC ROAD KING CLASSIC"
2018,"HARLEY DAVIDSON",1450,"FLHRS ROAD KING CUSTOM"
2018,"HARLEY DAVIDSON",1450,"FLHT ELECTRA GLIDE STANDARD"
2018,"HARLEY DAVIDSON",1450,"FLHTC ELECTRA GLIDE CLASSIC"
2018,"HARLEY DAVIDSON",1450,"FLHTCU ULTRA CLASSIC ELECTRA GLIDE"
2018,"HARLEY DAVIDSON",1450,"FLSTF FAT BOY"
2018,"HARLEY DAVIDSON",1450,"FLSTN SOFTAIL DELUXE"
2018,"HARLEY DAVIDSON",1450,"FLSTS HERITAGE SPRINGER"
2018,"HARLEY DAVIDSON",1450,"FLSTSC SOFTAIL SPRINGER CLASSIC"
2018,"HARLEY DAVIDSON",1450,"FLTR ROAD GLIDE"
2018,"HARLEY DAVIDSON",1450,"FXCW SOFTAIL ROCKER"
2018,"HARLEY DAVIDSON",1450,"FXD DYNA SUPER GLIDE"
2018,"HARLEY DAVIDSON",1450,"FXDB DYNA STREET BOB"
2018,"HARLEY DAVIDSON",1450,"FXDC DYNA SUPER GLIDE CUSTOM"
2018,"HARLEY DAVIDSON",1450,"FXDI DYNA SUPER GLIDE"
2018,"HARLEY DAVIDSON",1450,"FXST SOFTAIL STANDARD"
2018,"HARLEY DAVIDSON",1450,"FXSTB SOFTAIL NIGHT TRAIN"
2018,"HARLEY DAVIDSON",1450,"FXSTD SOFTAIL DEUCE"
2018,"HARLEY DAVIDSON",1450,"FXSTS SOFTAIL SPRINGER"
2018,"HARLEY DAVIDSON",1584,FLST
2018,"HARLEY DAVIDSON",1584,FXCWC
2018,"HARLEY DAVIDSON",1584,"FXDWG DYNA WIDE GLIDE"
2018,"HARLEY DAVIDSON",1584,"FXS BLACKLINE"
2018,"HARLEY DAVIDSON",1690,"FLHXXX STREET GLIDE TRIKE"
2018,"HARLEY DAVIDSON",1690,"FLS SOFTAIL SLIM"
2018,"HARLEY DAVIDSON",1690,"FLSTC HERITAGE SOFTAIL CLASSIC"
2018,"HARLEY DAVIDSON",1690,"FLSTF FAT BOY"
2018,"HARLEY DAVIDSON",1690,"FLSTN SOFTAIL DELUXE"
2018,"HARLEY DAVIDSON",1690,"FXSB BREAKOUT"
2018,"HARLEY DAVIDSON",1802,"FLS SOFTAIL SLIM"
2018,"HARLEY DAVIDSON",1802,"FLSTF FAT BOY"
2018,"HARLEY DAVIDSON",1802,"FLSTNSE CVO SOFTAIL DELUXE"
2018,HONDA,50,DIO
2018,HONDA,50,G-DASH
2018,HONDA,50,LEAD
2018,HONDA,50,SFX50
2018,HONDA,50,"SGX50 Sky"
2018,HONDA,50,SH50
2018,HONDA,50,"SJ50 Bali"
2018,HONDA,50,"SRX SHADOW"
2018,HONDA,50,SXR
2018,HONDA,50,SZX50
2018,HONDA,50,VISION
2018,HONDA,75,"YUPY 75"
2018,HONDA,80,CRM80
2018,HONDA,80,MB80
2018,HONDA,80,MCX80
2018,HONDA,90,LEAD
2018,HONDA,90,TRX
2018,HONDA,100,NSF
2018,HONDA,100,SUPRA
2018,HONDA,125,CB125
2018,HONDA,125,CR125
2018,HONDA,125,CRE125
2018,HONDA,125,CRM125
2018,HONDA,125,"FES125 S-WING"
2018,HONDA,125,"Forza 125"
2018,HONDA,125,GROM
2018,HONDA,125,GY
2018,HONDA,125,LEAD
2018,HONDA,125,MSX125
2018,HONDA,125,"MSX125 Grom"
2018,HONDA,125,NES125
2018,HONDA,125,NSR125
2018,HONDA,125,NX125
2018,HONDA,125,RS125
2018,HONDA,125,SH125
2018,HONDA,125,XL125
2018,HONDA,125,XLR125
2018,HONDA,125,XR125
2018,HONDA,150,CG150
2018,HONDA,150,CRF150
2018,HONDA,150,"FES150 S-WING"
2018,HONDA,150,NES150
2018,HONDA,150,SH150
2018,HONDA,200,MTX200
2018,HONDA,200,XL200
2018,HONDA,200,XLR200
2018,HONDA,200,XXL200
2018,HONDA,230,CRF230
2018,HONDA,250,ATC
2018,HONDA,250,CB250
2018,HONDA,250,CBR250
2018,HONDA,250,CRM250
2018,HONDA,250,NS250
2018,HONDA,250,NSR250
2018,HONDA,250,"NSS250 Forza"
2018,HONDA,250,"NSS250 Jazz"
2018,HONDA,250,"NSS250 Reflex"
2018,HONDA,250,VT250
2018,HONDA,250,VTZ250
2018,HONDA,250,XL250
2018,HONDA,250,"XLR 250 R"
2018,HONDA,250,XLX250
2018,HONDA,250,XR250
2018,HONDA,260,CRE260
2018,HONDA,300,CBR300
2018,HONDA,300,"NSS300 Forza"
2018,HONDA,300,SH300
2018,HONDA,300,XR300
2018,HONDA,350,FL350
2018,HONDA,350,XL350
2018,HONDA,400,CB400
2018,HONDA,400,CBX400
2018,HONDA,400,FT400
2018,HONDA,400,"NTV 400"
2018,HONDA,400,NV400
2018,HONDA,400,Silverwing
2018,HONDA,400,SW-T400
2018,HONDA,400,TRX
2018,HONDA,400,XL400
2018,HONDA,440,XR440
2018,HONDA,450,CMX450
2018,HONDA,450,CRF450
2018,HONDA,450,CRM450
2018,HONDA,475,TRX500
2018,HONDA,490,CRE
2018,HONDA,490,CRF
2018,HONDA,500,CB500
2018,HONDA,500,CBR500
2018,HONDA,500,CR500
2018,HONDA,500,CRM500
2018,HONDA,500,CX500
2018,HONDA,500,FT500
2018,HONDA,500,GL500
2018,HONDA,500,VF500
2018,HONDA,600,"CB600 RR"
2018,HONDA,600,"CB600F Hornet"
2018,HONDA,600,CBR600RR
2018,HONDA,600,CBX600
2018,HONDA,600,NV600
2018,HONDA,600,Silverwing
2018,HONDA,600,SW-T600
2018,HONDA,649,CB650
2018,HONDA,649,CBR650F
2018,HONDA,650,CB650
2018,HONDA,650,CBR650F
2018,HONDA,650,CBX650
2018,HONDA,650,CX650
2018,HONDA,650,"GL650 Silver Wing"
2018,HONDA,700,CB700
2018,HONDA,700,CTX700
2018,HONDA,700,"NT700V Deauville"
2018,HONDA,700,VF700
2018,HONDA,700,VFR700
2018,HONDA,700,VT700
2018,HONDA,750,B750
2018,HONDA,750,NC750S
2018,HONDA,750,NC750X
2018,HONDA,750,"NM4 Vultus"
2018,HONDA,750,NR750
2018,HONDA,750,VF750
2018,HONDA,750,VFR750
2018,HONDA,750,VT750
2018,HONDA,800,"VFR 800"
2018,HONDA,800,VFR800F
2018,HONDA,800,"VFR800X Crossrunner"
2018,HONDA,800,"VT800 SHADOW"
2018,HONDA,900,CBR900RR
2018,HONDA,950,VFR950F
2018,HONDA,999,SXS1000M3
2018,HONDA,999,SXS1000M5
2018,HONDA,1000,"CB 1000"
2018,HONDA,1000,CB1000C
2018,HONDA,1000,CB1000F
2018,HONDA,1000,CB1000R
2018,HONDA,1000,CBF1000
2018,HONDA,1000,"CBR 1000"
2018,HONDA,1000,CBR1000
2018,HONDA,1000,CBR1000RR
2018,HONDA,1000,CBX1000
2018,HONDA,1000,"CRF1000 AFRICA TWIN"
2018,HONDA,1000,CRF1000L
2018,HONDA,1100,"CB 1100"
2018,HONDA,1100,CB1100
2018,HONDA,1100,CBX1100
2018,HONDA,1100,"GL1100 Gold Wing"
2018,HONDA,1100,VT1100
2018,HONDA,1200,VFR1200F
2018,HONDA,1200,"VFR1200X Crosstourer"
2018,HONDA,1300,CB1300
2018,HONDA,1300,"CBR1300 X4"
2018,HONDA,1300,CTX1300
2018,HONDA,1500,"GL1500 Gold Wing"
2018,HONDA,1520,"GL1500 Gold Wing"
2018,HONDA,1800,"GL1800 Gold Wing"
2018,HSC,50,HSC
2018,HSC,50,SR
2018,HSC,50,ZR
2018,HSC,50,ZX
2018,HUSABERG,350,FC350
2018,HUSABERG,350,MC350
2018,HUSABERG,500,"501 ENDURO"
2018,HUSABERG,600,"EF 600 E (Quad)"
2018,HUSQVARNA,65,TC65
2018,HUSQVARNA,85,TC85
2018,HUSQVARNA,125,TC125
2018,HUSQVARNA,125,TX125
2018,HUSQVARNA,240,WR240
2018,HUSQVARNA,250,FC250
2018,HUSQVARNA,250,FE250
2018,HUSQVARNA,250,TC250
2018,HUSQVARNA,250,TE250
2018,HUSQVARNA,260,WR260
2018,HUSQVARNA,300,TE300
2018,HUSQVARNA,350,FC350
2018,HUSQVARNA,350,FE350
2018,HUSQVARNA,400,SM400
2018,HUSQVARNA,400,TC400
2018,HUSQVARNA,400,"TE 610 E"
2018,HUSQVARNA,400,VITPILEN
2018,HUSQVARNA,449,SMR449
2018,HUSQVARNA,450,FC450
2018,HUSQVARNA,450,FE450
2018,HUSQVARNA,450,SM450
2018,HUSQVARNA,500,CR500
2018,HUSQVARNA,501,FE501
2018,HUSQVARNA,510,SM510
2018,HUSQVARNA,511,SMR511
2018,HUSQVARNA,570,SMR570
2018,HUSQVARNA,600,LT600
2018,HUSQVARNA,600,SM600
2018,HUSQVARNA,600,TE600
2018,HUSQVARNA,600,TE630
2018,HUSQVARNA,610,LT610
2018,HUSQVARNA,610,SM610
2018,HUSQVARNA,630,SM630
2018,HUSQVARNA,650,STR650
2018,HUSQVARNA,900,"Nuda 900"
2018,HYOSUNG,50,"GAMMA 50"
2018,HYOSUNG,125,"GD EXIV"
2018,HYOSUNG,125,"V2 125"
2018,HYOSUNG,250,AQUILA
2018,HYOSUNG,250,"GD 250"
2018,HYOSUNG,252,"GT Ir"
2018,HYOSUNG,300,"GA 300"
2018,HYOSUNG,400,XRX400
2018,HYOSUNG,450,"RX SM"
2018,HYOSUNG,650,"GT 650"
2018,HYOSUNG,700,"i DELUXE"
2018,HYOSUNG,700,"ST7 700"
2018,INDIAN,1800,"CHIEF CLASSIC"
2018,INDIAN,1800,"CHIEF VINTAGE"
2018,INDIAN,1800,CHIEFTAIN
2018,INDIAN,1800,"DARK HORSE"
2018,INDIAN,1800,ROADMASTER
2018,ITALJET,50,"ADLY 50"
2018,ITALJET,50,"BAZOOKA 2"
2018,ITALJET,50,DRAGSTER
2018,ITALJET,50,FORMULA
2018,ITALJET,50,PISTA
2018,ITALJET,50,REPORTER
2018,ITALJET,50,SCOOP
2018,ITALJET,50,TORPEDO
2018,ITALJET,50,VELOCIFERO
2018,ITALJET,50,"YANKEE 8"
2018,ITALJET,125,JUPITER
2018,ITALJET,150,JUPITER
2018,ITALJET,150,MILLENIUM
2018,ITALJET,250,"JUPITER 250"
2018,ITALJET,350,"CX 350"
2018,KAWASAKI,64,KX65
2018,KAWASAKI,65,KX65
2018,KAWASAKI,85,KX85
2018,KAWASAKI,100,KG100
2018,KAWASAKI,112,KLX110
2018,KAWASAKI,115,"KAZE 115 R"
2018,KAWASAKI,140,KLX140
2018,KAWASAKI,150,KR150
2018,KAWASAKI,185,KLF185
2018,KAWASAKI,220,KLF220
2018,KAWASAKI,250,"BJ250 Estrella"
2018,KAWASAKI,250,EX250
2018,KAWASAKI,250,"EX250R Ninja"
2018,KAWASAKI,250,GPZ250
2018,KAWASAKI,250,KDX250
2018,KAWASAKI,250,KL250
2018,KAWASAKI,250,KLF250
2018,KAWASAKI,250,KLX250
2018,KAWASAKI,250,KMX250
2018,KAWASAKI,250,KX250
2018,KAWASAKI,250,LX250
2018,KAWASAKI,250,NINJA
2018,KAWASAKI,250,"SC250 Epsilon"
2018,KAWASAKI,250,Z250
2018,KAWASAKI,250,"ZR250 Balius"
2018,KAWASAKI,252,EL252
2018,KAWASAKI,300,"EX300 Ninja"
2018,KAWASAKI,300,J300
2018,KAWASAKI,300,KVF300
2018,KAWASAKI,300,Z300
2018,KAWASAKI,305,GPZ305
2018,KAWASAKI,400,EX400
2018,KAWASAKI,400,KFX400
2018,KAWASAKI,400,KLE400
2018,KAWASAKI,400,"LX400 Eliminator"
2018,KAWASAKI,400,"VN 400 CLASSIC"
2018,KAWASAKI,400,"VN400 Vulcan"
2018,KAWASAKI,400,ZR400
2018,KAWASAKI,400,ZX400
2018,KAWASAKI,450,KLX450
2018,KAWASAKI,450,KX450F
2018,KAWASAKI,500,"EN500 Vulcan"
2018,KAWASAKI,500,ER-5
2018,KAWASAKI,500,GPZ500
2018,KAWASAKI,500,GRZ500
2018,KAWASAKI,500,KR500
2018,KAWASAKI,500,ZR500
2018,KAWASAKI,500,ZZR500
2018,KAWASAKI,550,Z550
2018,KAWASAKI,550,"ZR550 Zephyr"
2018,KAWASAKI,600,GPX600R
2018,KAWASAKI,600,"ZL600 Eliminator"
2018,KAWASAKI,600,"ZX-6 Ninja"
2018,KAWASAKI,600,ZZR600
2018,KAWASAKI,636,"ZX-6 Ninja"
2018,KAWASAKI,650,ER-6
2018,KAWASAKI,650,"KLE650 Versys"
2018,KAWASAKI,650,KVF650
2018,KAWASAKI,650,"VN650 Vulcan S"
2018,KAWASAKI,650,Z650
2018,KAWASAKI,700,Z700
2018,KAWASAKI,750,KVF750
2018,KAWASAKI,750,Z750
2018,KAWASAKI,750,ZR7
2018,KAWASAKI,750,"ZX-7 NINJA"
2018,KAWASAKI,750,ZX750
2018,KAWASAKI,750,ZXR750
2018,KAWASAKI,800,VT800
2018,KAWASAKI,850,Z800
2018,KAWASAKI,900,GPZ900
2018,KAWASAKI,900,"VN900 Vulcan"
2018,KAWASAKI,903,"VN900 Vulcan"
2018,KAWASAKI,998,"ZX-10 Ninja"
2018,KAWASAKI,1000,GPX1000
2018,KAWASAKI,1000,GPZ1000
2018,KAWASAKI,1000,GTR1000
2018,KAWASAKI,1000,"KLZ1000 Versys"
2018,KAWASAKI,1000,"NINJA H2R"
2018,KAWASAKI,1000,"VN1000 VULCAN"
2018,KAWASAKI,1000,Z1000
2018,KAWASAKI,1000,"ZX-10 Ninja"
2018,KAWASAKI,1043,"KLZ1000 Versys"
2018,KAWASAKI,1100,"GPZ 1100"
2018,KAWASAKI,1100,GPZ1100
2018,KAWASAKI,1100,VN1100
2018,KAWASAKI,1100,"ZR1100 Zephyr"
2018,KAWASAKI,1100,ZRX1100
2018,KAWASAKI,1100,"ZX-11 Ninja"
2018,KAWASAKI,1100,ZZR1100
2018,KAWASAKI,1200,KZ1200
2018,KAWASAKI,1200,ZG1200
2018,KAWASAKI,1200,ZRX1200
2018,KAWASAKI,1200,"ZX-12 Ninja"
2018,KAWASAKI,1200,ZZR1200
2018,KAWASAKI,1250,KR1250
2018,KAWASAKI,1300,ZGT1300A
2018,KAWASAKI,1500,"VN1500 Vulcan"
2018,KAWASAKI,1700,"VN1700 Vulcan"
2018,KEEWAY,50,F-NKD
2018,KEEWAY,125,ENDURO
2018,KEEWAY,125,X-RAY
2018,KEEWAY,250,SUPERSHADOW
2018,KTM,50,MX
2018,KTM,50,"RSV 50"
2018,KTM,50,SX
2018,KTM,65,SX
2018,KTM,85,SX
2018,KTM,105,SX
2018,KTM,125,125
2018,KTM,125,Duke
2018,KTM,125,RC
2018,KTM,125,SX
2018,KTM,150,SX
2018,KTM,200,200
2018,KTM,200,Duke
2018,KTM,200,RC
2018,KTM,250,250
2018,KTM,250,"BAJA 250"
2018,KTM,250,Duke
2018,KTM,250,EXC
2018,KTM,250,EXC-F
2018,KTM,250,ST
2018,KTM,250,SX
2018,KTM,250,SX-F
2018,KTM,300,EXC
2018,KTM,300,SX
2018,KTM,350,"COUNTRY 350"
2018,KTM,350,EXC-F
2018,KTM,350,GS350
2018,KTM,350,SX-F
2018,KTM,380,380
2018,KTM,390,Duke
2018,KTM,390,GS390
2018,KTM,390,RC
2018,KTM,400,EXC
2018,KTM,450,EXC-F
2018,KTM,450,SMR
2018,KTM,450,SX-F
2018,KTM,500,EXC-F
2018,KTM,525,SX
2018,KTM,600,EXC
2018,KTM,620,LC4
2018,KTM,625,SC
2018,KTM,650,"LC4 650"
2018,KTM,650,SUPERMOTO
2018,KTM,660,"LC4 660 RALLY"
2018,KTM,690,"LC4 DUKE"
2018,KTM,990,ADVENTURE
2018,KTM,1050,ADVENTURE
2018,KTM,1290,"1290 SUPER ADVENTURE"
2018,KTM,1290,"1290 Super Duke"
2018,KTM,1290,"Super Adventure"
2018,KTM,1290,"SUPER DUKE"
2018,KYMCO,50,"CX 50"
2018,KYMCO,50,DJW
2018,KYMCO,50,"K 12"
2018,KYMCO,50,KB
2018,KYMCO,50,SNIPER
2018,KYMCO,50,ZX
2018,KYMCO,90,MANBOY
2018,KYMCO,125,"AGILITY 125"
2018,KYMCO,125,"G-DINK 125"
2018,KYMCO,125,"LIKE 125"
2018,KYMCO,125,"PEOPLE 125"
2018,KYMCO,125,"SUPER DINK"
2018,KYMCO,125,"VIVIO 125"
2018,KYMCO,150,"AGILITY 150"
2018,KYMCO,150,"VIVIO 150"
2018,KYMCO,200,"DOWNTOWN 200"
2018,KYMCO,200,"LIKE 200"
2018,KYMCO,200,"PEOPLE 200"
2018,KYMCO,200,"SPACER 200"
2018,KYMCO,250,"B & W"
2018,KYMCO,250,"PEOPLE 250"
2018,KYMCO,250,"VENOX 250"
2018,KYMCO,250,"XCITING 250"
2018,KYMCO,250,"YUP 250"
2018,KYMCO,300,"G-DINK 300"
2018,KYMCO,300,"PEOPLE 300"
2018,KYMCO,300,"XCITING 300"
2018,KYMCO,500,"XCITING 500"
2018,KYMCO,700,"MYROAD 700"
2018,LAVERDA,50,GAUCHO
2018,LAVERDA,50,"OR 50 ATLAS"
2018,LAVERDA,125,"GS LESMO"
2018,LAVERDA,500,"ALPINO 500"
2018,LAVERDA,500,"PF 500"
2018,LAVERDA,500,"RS 500"
2018,LAVERDA,500,"SFC 500"
2018,LAVERDA,600,"OR 600"
2018,LAVERDA,650,STRADA
2018,LAVERDA,750,"BLACK STRIKE"
2018,LAVERDA,750,CUP
2018,LAVERDA,750,Diamante
2018,LAVERDA,750,FORMULA
2018,LAVERDA,750,GHOST
2018,LAVERDA,750,"S FORMULA"
2018,LAVERDA,750,SF3
2018,LAVERDA,1000,3CE
2018,LAVERDA,1000,JOTA
2018,LAVERDA,1000,RGS
2018,LAVERDA,1000,"RGS 1000 JOTA"
2018,LAVERDA,1000,SFC
2018,LAVERDA,1000,"TGA EXECUTIVE"
2018,LAVERDA,1200,MIRAGE
2018,LAVERDA,1200,"T.T. 1200"
2018,MALAGUTI,50,"CENTRO 4T"
2018,MALAGUTI,50,"F 10 50 JETLINE"
2018,MALAGUTI,50,"F 12 50 PHANTOM Twin disk"
2018,MALAGUTI,50,"F 15 50 FIREFOX Twin disk"
2018,MALAGUTI,50,"MEX 50 ENDURO"
2018,MALAGUTI,50,YESTERDAY
2018,MALAGUTI,125,"CIAK 125"
2018,MALAGUTI,125,"CIAK MASTER"
2018,MALAGUTI,125,"CIAK MASTER EURO 3"
2018,MALAGUTI,125,"RUNNER YPVS"
2018,MALAGUTI,150,"CIAK MASTER"
2018,MALAGUTI,150,"CIAK RESTYLING EURO 2"
2018,MALAGUTI,200,"CIAK MASTER EURO 2"
2018,MALAGUTI,200,"PHANTOM MAX"
2018,MALAGUTI,250,"MADISON RS"
2018,MALAGUTI,400,MADISON
2018,MALAGUTI,400,"MADISON K"
2018,MALAGUTI,500,"SPIDERMAX GT EURO 3"
2018,MALAGUTI,500,"SPIDERMAX RS"
2018,MALAGUTTI,50,"F12 PHANTON"
2018,MBK,50,"ACTIVE 50"
2018,MBK,50,"CS MACH G"
2018,MBK,50,"CW BOOSTER"
2018,MBK,50,"CW BOOSTER NG"
2018,MBK,50,"CW BOOSTER SPIRIT"
2018,MBK,50,"CW L BOOSTER"
2018,MBK,50,DODO
2018,MBK,50,NITRO
2018,MBK,50,OVETTO
2018,MBK,50,"ROCKET 50"
2018,MBK,50,SORRISO
2018,MBK,80,EVOLIS
2018,MBK,100,"YN R OVETTO"
2018,MBK,125,"XC 125 FLAME"
2018,MBK,125,"XQ THUNDER"
2018,MBK,125,"YP SKYLINER"
2018,MBK,150,"XN DOODO"
2018,MBK,150,"XQ THUNDER"
2018,MBK,180,"YP E SKYLINER"
2018,MBK,400,"SKYLINER 400"
2018,"MOTO GUZZI",50,IPPOGRIFO
2018,"MOTO GUZZI",125,"2C 125 4T"
2018,"MOTO GUZZI",125,TT
2018,"MOTO GUZZI",350,"V 35 350 GT"
2018,"MOTO GUZZI",350,"V 35 IMOLA"
2018,"MOTO GUZZI",350,"V 35 TT"
2018,"MOTO GUZZI",500,"V 50 MONZA"
2018,"MOTO GUZZI",650,"V 65 650 GT"
2018,"MOTO GUZZI",650,"V 65 650 II ENDURO"
2018,"MOTO GUZZI",650,"V 65 650 LARIO"
2018,"MOTO GUZZI",650,"V 65 650 SP CHOPPER"
2018,"MOTO GUZZI",650,"VT 650 TT BAJA"
2018,"MOTO GUZZI",750,GRISO
2018,"MOTO GUZZI",750,NTX
2018,"MOTO GUZZI",850,"LE MANS"
2018,"MOTO GUZZI",850,"T4 850"
2018,"MOTO GUZZI",1000,"CALIFORNIA EV"
2018,"MOTO GUZZI",1000,DAYTONA
2018,"MOTO GUZZI",1000,"GT V 1000"
2018,"MOTO GUZZI",1000,"LE MANS - V 1000"
2018,"MOTO GUZZI",1000,"V 1000 1000 G5"
2018,"MOTO GUZZI",1000,"V 1000 1000 I CONVERT"
2018,"MOTO GUZZI",1000,"V10 CENTAURO"
2018,"MOTO GUZZI",1100,"CALIFORNIA EV"
2018,"MOTO GUZZI",1100,"CALIFORNIA JACKAL"
2018,"MOTO GUZZI",1100,"CALIFORNIA SPECIAL"
2018,"MOTO GUZZI",1100,"V 11 SCURA"
2018,"MOTO GUZZI",1100,"V 11 SPORT"
2018,"MOTO GUZZI",1200,BREVA 
2018,"MOTO GUZZI",1200,"GRISO 8V"
2018,"MOTO GUZZI",1200,"MGS-01 CORSA"
2018,"MOTO GUZZI",1200,"NORGE GT 8V"
2018,"MOTO GUZZI",1200,"SPORT 8V"
2018,"MOTO GUZZI",1200,"SPORT 8V SE"
2018,"MOTO GUZZI",1200,"STELVIO 8V SE"
2018,"MOTO MORINI",125,"BLUES 125"
2018,"MOTO MORINI",350,"COGAURO 350"
2018,"MOTO MORINI",350,DART
2018,"MOTO MORINI",350,"EXALIBUR RLX 350"
2018,"MOTO MORINI",350,KANGURO
2018,"MOTO MORINI",350,"NEW YORK"
2018,"MOTO MORINI",350,"WS 350 PRO ACTION"
2018,"MOTO MORINI",400,DART
2018,"MOTO MORINI",501,CAMEL
2018,"MOTO MORINI",501,COGUARO
2018,"MOTO MORINI",501,EXCALIBUR
2018,"MOTO MORINI",501,"NEW YORK"
2018,"MOTO MORINI",950,"9,5"
2018,"MOTO MORINI",1200,CORSARO
2018,"MOTO MORINI",1200,GRANFERRO
2018,"MOTO MORINI",1200,GT
2018,"MOTO MORINI",1200,SCRAMBLER
2018,"MOTO MORINI",1200,SPORT
2018,"MV AGUSTA",675,"F3 675"
2018,"MV AGUSTA",750,"F4 750"
2018,"MV AGUSTA",750,"S AMERICAN"
2018,"MV AGUSTA",800,BRUTALE
2018,"MV AGUSTA",800,"STRADALE 800"
2018,"MV AGUSTA",800,"TURISMO VELOCE"
2018,"MV AGUSTA",910,"BRUTALE 910"
2018,"MV AGUSTA",1000,"F4 1000"
2018,"MV AGUSTA",1090,"BRUTALE 1090"
2018,PEUGEOT,50,BUXY
2018,PEUGEOT,50,"CITY STAR"
2018,PEUGEOT,50,"DJANGO HERITAGE"
2018,PEUGEOT,50,Metropolis
2018,PEUGEOT,50,"New Vivacity 50cc /2T"
2018,PEUGEOT,50,"SPEEDAKE 50"
2018,PEUGEOT,50,"SPEEDFIGHT 50"
2018,PEUGEOT,50,"SQUAB 50"
2018,PEUGEOT,50,"ST 50"
2018,PEUGEOT,50,"SV 50"
2018,PEUGEOT,50,"TREKKER 50"
2018,PEUGEOT,50,"VIVACITY 50"
2018,PEUGEOT,100,ELYSEO
2018,PEUGEOT,100,"LOOXOR 100"
2018,PEUGEOT,100,"TREKKER 100"
2018,PEUGEOT,100,"VIVACITY 100"
2018,PEUGEOT,125,ACTIVE
2018,PEUGEOT,125,"CITY STAR 125"
2018,PEUGEOT,125,"Django 125"
2018,PEUGEOT,125,"GEOPOLIS 125"
2018,PEUGEOT,125,"LOOXOR 125"
2018,PEUGEOT,125,"SATELIS 125"
2018,PEUGEOT,125,"VIVACITY 125"
2018,PEUGEOT,150,"DJANGO 150"
2018,PEUGEOT,200,"CITY STAR 200"
2018,PEUGEOT,250,"GEOPOLIS 250"
2018,PEUGEOT,250,"SV 250"
2018,PEUGEOT,300,"GEOPOLIS 300"
2018,PEUGEOT,300,SATELIS
2018,PEUGEOT,400,GEOPOLIS
2018,PEUGEOT,400,"GEOPOLIS GT"
2018,PEUGEOT,400,"GEOPOLIS RS"
2018,PEUGEOT,400,"SATELIS RS"
2018,PEUGEOT,500,"Satelis 500"
2018,PEUGEOT,600,"SATELIS 600"
2018,PGO,50,"G MAX"
2018,PGO,125,"LIBRA 125"
2018,PGO,125,X-HOT
2018,PGO,150,"BR BUGXTER"
2018,PGO,250,"G-Max 250"
2018,PIAGGIO,50,"DIESIS 50"
2018,PIAGGIO,50,"FLY 50 2T"
2018,PIAGGIO,50,"FREE 50"
2018,PIAGGIO,50,"ICE 50"
2018,PIAGGIO,50,"LIBERTY 2T"
2018,PIAGGIO,50,"LIBERTY RST 2T"
2018,PIAGGIO,50,"LIBERTY RST 4T"
2018,PIAGGIO,50,"NRG 50"
2018,PIAGGIO,50,"NRG MC2"
2018,PIAGGIO,50,QUARTZ
2018,PIAGGIO,50,"SFERA RST"
2018,PIAGGIO,50,VELOFAX
2018,PIAGGIO,50,"VESPA ET2"
2018,PIAGGIO,50,"VESPA ET2 INIEZIONE"
2018,PIAGGIO,50,"VESPA LX 2T"
2018,PIAGGIO,50,"VESPA LX 4T"
2018,PIAGGIO,50,ZIP
2018,PIAGGIO,50,"ZIP CATALYZED"
2018,PIAGGIO,50,"ZIP HT"
2018,PIAGGIO,50,"ZIP SP"
2018,PIAGGIO,80,TPH80
2018,PIAGGIO,100,DIESIS
2018,PIAGGIO,100,FREE
2018,PIAGGIO,125,BEVERLY
2018,PIAGGIO,125,"BEVERLY EURO 3 MIC"
2018,PIAGGIO,125,"HEXAGON 125"
2018,PIAGGIO,125,"LIBERTY 125"
2018,PIAGGIO,125,"SKIPPER 125"
2018,PIAGGIO,125,"VESPA GRANTURISMO"
2018,PIAGGIO,125,X10
2018,PIAGGIO,125,X8
2018,PIAGGIO,150,"LIBERTY 150"
2018,PIAGGIO,150,"X8 STREET EURO 3"
2018,PIAGGIO,180,"HEXAGON GTX"
2018,PIAGGIO,180,"HEXAGON LX"
2018,PIAGGIO,200,LIBERTY
2018,PIAGGIO,200,"LIBERTY SPORT"
2018,PIAGGIO,200,"VESPA GRANTURISMO"
2018,PIAGGIO,200,X8
2018,PIAGGIO,250,"BEVERLY EURO 3 MIC"
2018,PIAGGIO,250,"BEVERLY LEADER"
2018,PIAGGIO,250,CARNABY
2018,PIAGGIO,250,HEXAGON
2018,PIAGGIO,250,"VESPA GTS"
2018,PIAGGIO,250,"VESPA GTV"
2018,PIAGGIO,250,"X7 EURO 3"
2018,PIAGGIO,250,X8
2018,PIAGGIO,250,"X9 AMALFI"
2018,PIAGGIO,300,"CARNABY CRUISER"
2018,PIAGGIO,300,"MP3 LT BUSINESS ABS"
2018,PIAGGIO,300,"MP3 SPORT ABS"
2018,PIAGGIO,300,"VESPA GTS IE"
2018,PIAGGIO,300,"VESPA GTS SUPER"
2018,PIAGGIO,300,"VESPA GTS SUPER SPORT"
2018,PIAGGIO,300,"VESPA GTV 4T 4V IE"
2018,PIAGGIO,300,"X7 EVO IE"
2018,PIAGGIO,400,"MP3 IE LT TOURING"
2018,PIAGGIO,400,"MP3 LT"
2018,PIAGGIO,400,"MP3 RL TOURING"
2018,PIAGGIO,400,X8
2018,PIAGGIO,500,"BEVERLY EURO 3"
2018,PIAGGIO,500,"MP3 LT BUSINESS I.E."
2018,PIAGGIO,500,"MP3 SPORT"
2018,PIAGGIO,500,X10
2018,POLARIS,438,"INDY XCF"
2018,POLARIS,450,Outlaw
2018,POLARIS,500,Scrambler
2018,POLARIS,525,Outlaw
2018,POLARIS,570,RANGER
2018,POLARIS,750,"Wide Track"
2018,POLARIS,800,RZR
2018,POLARIS,850,Sportsman
2018,POLARIS,1000,FOREST
2018,POLARIS,1000,GENERAL
2018,POLARIS,1000,Scrambler
2018,POLARIS,1000,Sportsman
2018,RIZZATO,50,VAMOS
2018,SACHS,50,SACHS
2018,SACHS,125,"ROADSTER V2"
2018,SACHS,125,"X ROAD 125"
2018,SACHS,125,ZX
2018,SACHS,125,ZZ
2018,SACHS,500,MADASS
2018,SACHS,650,ROADSTER
2018,SACHS,650,"ROADSTER 650"
2018,SACHS,800,"ROADSTER 800"
2018,SACHS,805,"B 805"
2018,SACHS,805,"S 805"
2018,SUZUKI,50,AP50
2018,SUZUKI,50,"AY50 KATANA"
2018,SUZUKI,50,RG50
2018,SUZUKI,50,RME50
2018,SUZUKI,50,"SEPIA 50"
2018,SUZUKI,50,TZR
2018,SUZUKI,80,AH80
2018,SUZUKI,80,GT80
2018,SUZUKI,85,RM85
2018,SUZUKI,100,"ADDRESS 100"
2018,SUZUKI,125,AN125
2018,SUZUKI,125,EN125
2018,SUZUKI,125,"TX 125 XF"
2018,SUZUKI,150,"FX 4 STROKE"
2018,SUZUKI,150,"RG WATER"
2018,SUZUKI,150,"UC150 Epicuro"
2018,SUZUKI,200,DR200
2018,SUZUKI,200,RG200
2018,SUZUKI,200,TS200R
2018,SUZUKI,240,TS240X
2018,SUZUKI,250,"Burgman 250"
2018,SUZUKI,250,DR250
2018,SUZUKI,250,GF250
2018,SUZUKI,250,"GOOSE 250"
2018,SUZUKI,250,GS250
2018,SUZUKI,250,GSX-R250
2018,SUZUKI,250,GW250
2018,SUZUKI,250,RH250
2018,SUZUKI,250,RM-Z250
2018,SUZUKI,250,"SkyWave 250"
2018,SUZUKI,350,DR350
2018,SUZUKI,350,SG350
2018,SUZUKI,400,GSF400
2018,SUZUKI,400,GSX-R400
2018,SUZUKI,400,GSX400
2018,SUZUKI,400,"VS400 Intruder"
2018,SUZUKI,450,GS450
2018,SUZUKI,450,RM-Z450
2018,SUZUKI,500,DR500
2018,SUZUKI,500,GSX500
2018,SUZUKI,500,"RGV500 GAMMA"
2018,SUZUKI,500,RM500
2018,SUZUKI,550,GSX550
2018,SUZUKI,600,DR600
2018,SUZUKI,600,"GSF600 Bandit"
2018,SUZUKI,600,GSX-R600
2018,SUZUKI,600,GSX600F
2018,SUZUKI,600,RF600
2018,SUZUKI,650,"Burgman 650"
2018,SUZUKI,650,"DL650 V-Strom"
2018,SUZUKI,650,DR650
2018,SUZUKI,650,GS650
2018,SUZUKI,650,"XF650 Freewind"
2018,SUZUKI,700,"TWIN PEAKS 700"
2018,SUZUKI,700,"VS700 Intruder"
2018,SUZUKI,750,DR750
2018,SUZUKI,750,GSX-R750
2018,SUZUKI,750,GSX-S750
2018,SUZUKI,750,GSX750
2018,SUZUKI,750,GT750
2018,SUZUKI,800,DR800
2018,SUZUKI,800,"VL800 Intruder Volusia"
2018,SUZUKI,800,VX800
2018,SUZUKI,800,"VZ800 Intruder M800 / Boulevard M50"
2018,SUZUKI,900,RF900
2018,SUZUKI,1000,"DL1000 V-Strom"
2018,SUZUKI,1000,GSX-R1000
2018,SUZUKI,1000,GSX-S1000
2018,SUZUKI,1000,GSX-S1000F
2018,SUZUKI,1000,GSX1000
2018,SUZUKI,1000,TL1000R
2018,SUZUKI,1100,GS1100
2018,SUZUKI,1100,GSX-R1100
2018,SUZUKI,1100,GSX1100
2018,SUZUKI,1150,GS1150
2018,SUZUKI,1200,GS1200SS
2018,SUZUKI,1200,"GSF1200 Bandit"
2018,SUZUKI,1300,"GSX1300R Hayabusa"
2018,SUZUKI,1400,"VS1400 Intruder"
2018,SUZUKI,1500,"VL1500 Intruder C1900 / Boulevard C90"
2018,SYM,110,BULLET
2018,SYM,125,"JOYRIDE 125"
2018,SYM,125,"WOLF 125"
2018,SYM,300,"CITYCOM 300"
2018,SYM,300,"GTS 300"
2018,SYM,300,Joymax
2018,SYM,300,"JOYMAX 300"
2018,TRIUMPH,600,Daytona
2018,TRIUMPH,600,"Speed Four"
2018,TRIUMPH,600,"SPEED TRIPLE S"
2018,TRIUMPH,600,SUPERSPORT
2018,TRIUMPH,600,TT600
2018,TRIUMPH,650,Daytona
2018,TRIUMPH,675,Daytona
2018,TRIUMPH,675,"Speed Triple"
2018,TRIUMPH,750,BONNEVILLE
2018,TRIUMPH,750,Daytona
2018,TRIUMPH,800,Tiger
2018,TRIUMPH,885,"LEGEND TT"
2018,TRIUMPH,900,Sprint
2018,TRIUMPH,955,Daytona
2018,TRIUMPH,955,"Speed Triple"
2018,TRIUMPH,955,Sprint
2018,TRIUMPH,1050,"Speed Triple"
2018,TRIUMPH,1050,Sprint
2018,TRIUMPH,1050,"Sprint GT"
2018,TRIUMPH,1050,"TIGER SPORT"
2018,TRIUMPH,1180,Trophy
2018,TRIUMPH,1200,Daytona
2018,TRIUMPH,1200,THUNDIRBIRD
2018,TRIUMPH,1200,Tiger
2018,TRIUMPH,1200,Trophy
2018,TRIUMPH,1600,Thunderbird
2018,TRIUMPH,2300,"ROCKET III"
2018,VICTORY,1634,Hammer
2018,VICTORY,1634,KINGPIN
2018,VICTORY,1634,VEGAS
2018,VICTORY,1731,"CROSS COUNTRY"
2018,VICTORY,1731,"CROSS ROADS"
2018,VICTORY,1731,Hammer
2018,VICTORY,1731,VEGAS
2018,VICTORY,1731,VISION
2018,VOXAN,1000,"VB1 EVO"
2018,YAMAHA,50,AEROX
2018,YAMAHA,50,AXIS
2018,YAMAHA,50,Beluga
2018,YAMAHA,50,BW
2018,YAMAHA,50,BWs
2018,YAMAHA,50,"FLY ONE"
2018,YAMAHA,50,"FZR 50"
2018,YAMAHA,50,JOG
2018,YAMAHA,50,"SUPER SPORT"
2018,YAMAHA,50,TARGET
2018,YAMAHA,50,"TDR 50"
2018,YAMAHA,50,"TZM 50"
2018,YAMAHA,50,"YE 50 ZEST"
2018,YAMAHA,50,"YH 50 WHY"
2018,YAMAHA,50,"YN 50 NEO"
2018,YAMAHA,50,"YN 50 NEO'S"
2018,YAMAHA,50,"YSR 50"
2018,YAMAHA,50,ZUMA
2018,YAMAHA,60,"YSR 60"
2018,YAMAHA,80,"TY 80"
2018,YAMAHA,80,"YSR 80"
2018,YAMAHA,85,"YZ 85"
2018,YAMAHA,90,"CR 90"
2018,YAMAHA,90,JOG
2018,YAMAHA,105,"Crypton T 105"
2018,YAMAHA,115,CRYPTON
2018,YAMAHA,125,Beluga
2018,YAMAHA,125,BIKAN
2018,YAMAHA,125,BWs
2018,YAMAHA,125,CYGNUS
2018,YAMAHA,125,"DT 125"
2018,YAMAHA,125,"MT 125"
2018,YAMAHA,125,"SR 125"
2018,YAMAHA,125,"TDR 125"
2018,YAMAHA,125,"TZR 125"
2018,YAMAHA,125,"XC 125"
2018,YAMAHA,125,"YBR125 DX"
2018,YAMAHA,125,"YP 125"
2018,YAMAHA,125,"YS 125"
2018,YAMAHA,125,"YZ 125"
2018,YAMAHA,150,"FLY ONE"
2018,YAMAHA,175,"DT 175"
2018,YAMAHA,180,"RT 180"
2018,YAMAHA,196,"TW 200"
2018,YAMAHA,225,"ST 225"
2018,YAMAHA,225,"TT 225"
2018,YAMAHA,249,"XT 250"
2018,YAMAHA,249,"YZ 250"
2018,YAMAHA,250,"FZR 250"
2018,YAMAHA,250,R1-Z
2018,YAMAHA,250,RAPTOR
2018,YAMAHA,250,"RZ 250"
2018,YAMAHA,250,"TDR 250"
2018,YAMAHA,250,"TT-R 250"
2018,YAMAHA,250,"TY 250"
2018,YAMAHA,250,"TZ 250"
2018,YAMAHA,250,"WR 250"
2018,YAMAHA,250,"XV 250"
2018,YAMAHA,250,"YD 250"
2018,YAMAHA,250,"YP 250"
2018,YAMAHA,250,"YZ 250"
2018,YAMAHA,300,AX-MAX
2018,YAMAHA,300,MT-03
2018,YAMAHA,300,YZF-R3
2018,YAMAHA,320,MT-03A
2018,YAMAHA,320,YZF-R3A
2018,YAMAHA,321,MT-03
2018,YAMAHA,321,YZF-R3
2018,YAMAHA,350,YFM
2018,YAMAHA,360,"YZ 360"
2018,YAMAHA,400,ARTESIA
2018,YAMAHA,400,"FZR 400"
2018,YAMAHA,400,"SR 400"
2018,YAMAHA,400,"XV 400"
2018,YAMAHA,400,"YP 400"
2018,YAMAHA,449,"YFZ 450"
2018,YAMAHA,449,"YZ 450"
2018,YAMAHA,450,"WR 450 F"
2018,YAMAHA,450,YFZ
2018,YAMAHA,450,"YZ 450 F"
2018,YAMAHA,500,"RD 500"
2018,YAMAHA,500,"XT 500"
2018,YAMAHA,600,FZ6
2018,YAMAHA,600,"FZR 600"
2018,YAMAHA,600,"XJ 600"
2018,YAMAHA,600,"XT 600"
2018,YAMAHA,600,YZF-R6
2018,YAMAHA,600,"YZF600R Thundercat"
2018,YAMAHA,650,"KJ 650"
2018,YAMAHA,650,"XJ 650"
2018,YAMAHA,660,RHINO
2018,YAMAHA,660,"SZR 660"
2018,YAMAHA,660,"XT 660"
2018,YAMAHA,660,"XTZ 660 Tènèrè"
2018,YAMAHA,686,"YFM 700"
2018,YAMAHA,686,"YXM 700"
2018,YAMAHA,689,"XSR 700"
2018,YAMAHA,700,MT-07
2018,YAMAHA,700,"XSR 700"
2018,YAMAHA,708,"YFM 700"
2018,YAMAHA,750,"FZR 750"
2018,YAMAHA,750,"FZX 750"
2018,YAMAHA,750,"TZ 750"
2018,YAMAHA,750,YZF-R7
2018,YAMAHA,800,FZ8
2018,YAMAHA,850,MT-09
2018,YAMAHA,942,"XVS 950"
2018,YAMAHA,950,"XV BOLT"
2018,YAMAHA,1000,FZ1
2018,YAMAHA,1000,"XV 1000"
2018,YAMAHA,1000,YZF-R1
2018,YAMAHA,1199,"XTZ 1200 SUPER TENERE"
2018,YAMAHA,1200,V-MAX
2018,YAMAHA,1200,"XJR 1200"
2018,YAMAHA,1200,"XTZ 1200 SUPER TENERE"
2018,YAMAHA,1200,"XVZ 1200"
2018,YAMAHA,1300,"XJR 1300"
2018,YAMAHA,1300,"XVS 1300"
2018,YAMAHA,1670,MT-01
2018,YAMAHA,1679,V-MAX
2017,APRILIA,50,"AMICO 50"
2017,APRILIA,50,"RALLY 50"
2017,APRILIA,50,"Sonic 50"
2017,APRILIA,50,"SR 50"
2017,APRILIA,50,"SX 50"
2017,APRILIA,50,"TUAREG 50"
2017,APRILIA,100,"SCARABEO 100"
2017,APRILIA,125,"AF1 125"
2017,APRILIA,125,"AS 125 R"
2017,APRILIA,125,"MX 125"
2017,APRILIA,125,"RS 125"
2017,APRILIA,125,"RX 125"
2017,APRILIA,125,"Sport 125"
2017,APRILIA,125,"SR 125"
2017,APRILIA,125,"TREND GO WEST 125"
2017,APRILIA,125,"TUAREG 125"
2017,APRILIA,125,"TUONO 125"
2017,APRILIA,150,"SCARABEO 150"
2017,APRILIA,150,"SR 150"
2017,APRILIA,200,"Arrecife 200"
2017,APRILIA,200,"CLIMBER 200"
2017,APRILIA,200,"SCARABEO 200"
2017,APRILIA,200,"Sport City 200"
2017,APRILIA,250,"AF1 250"
2017,APRILIA,250,"RS 250"
2017,APRILIA,250,"RX 250"
2017,APRILIA,250,"Sport City 250"
2017,APRILIA,250,"TUAREG 250"
2017,APRILIA,312,"TX 312"
2017,APRILIA,312,"TXR 312"
2017,APRILIA,350,"ETX 350"
2017,APRILIA,350,"TUAREG 350"
2017,APRILIA,400,"SCARABEO 400"
2017,APRILIA,450,"MXV 450"
2017,APRILIA,450,"RXV 450"
2017,APRILIA,450,"SXV 450"
2017,APRILIA,500,"SCARABEO 500"
2017,APRILIA,550,"RXV 550"
2017,APRILIA,550,"SXV 550"
2017,APRILIA,600,"ETX 600"
2017,APRILIA,600,"Tuareg 600"
2017,APRILIA,650,"PEGASO 650"
2017,APRILIA,750,"SL 750 SHIVER"
2017,APRILIA,850,"SRV 850"
2017,APRILIA,900,"Dorsoduro 900"
2017,APRILIA,900,"Shiver 900"
2017,APRILIA,900,"SL 900 Shiver"
2017,APRILIA,1000,"BLUE MARLIN"
2017,APRILIA,1000,"Caponord 1000"
2017,APRILIA,1000,"RSV 1000"
2017,APRILIA,1000,RSV4
2017,APRILIA,1000,"RSV4 1000"
2017,APRILIA,1000,"Tuono V4"
2017,APRILIA,1100,"Tuono V4"
2017,APRILIA,1200,"Caponord 1200"
2017,"ARCTIC CAT",0,"F-SERIES DIAMOND DRIVE"
2017,"ARCTIC CAT",90,ALTERRA
2017,"ARCTIC CAT",90,DVX
2017,"ARCTIC CAT",366,ALTERRA
2017,"ARCTIC CAT",375,375
2017,"ARCTIC CAT",400,DVX
2017,"ARCTIC CAT",443,500
2017,"ARCTIC CAT",443,ALTERRA
2017,"ARCTIC CAT",443,HDX
2017,"ARCTIC CAT",443,Prowler
2017,"ARCTIC CAT",500,"Prowler HDX"
2017,"ARCTIC CAT",565,Bearcat
2017,"ARCTIC CAT",565,Lynx
2017,"ARCTIC CAT",599,M6000
2017,"ARCTIC CAT",650,H1
2017,"ARCTIC CAT",695,ALTERRA
2017,"ARCTIC CAT",695,HDX
2017,"ARCTIC CAT",695,MUDPRO
2017,"ARCTIC CAT",695,Prowler
2017,"ARCTIC CAT",695,TBX
2017,"ARCTIC CAT",700,Bearcat
2017,"ARCTIC CAT",700,Prowler
2017,"ARCTIC CAT",700,Wildcat
2017,"ARCTIC CAT",700,"Wildcat Trail"
2017,"ARCTIC CAT",700,"ZR3000 LXR"
2017,"ARCTIC CAT",794,M8000
2017,"ARCTIC CAT",951,ALTERRA
2017,"ARCTIC CAT",951,MUDPRO
2017,"ARCTIC CAT",951,Prowler
2017,"ARCTIC CAT",951,Wildcat
2017,"ARCTIC CAT",951,XT
2017,"ARCTIC CAT",1000,Wildcat
2017,"ARCTIC CAT",1049,Bearcat
2017,"ARCTIC CAT",1049,Pantera
2017,ATALA,50,CAROSELLO
2017,BAJAJ,125,DISCOVER
2017,BAJAJ,135,DISCOVER
2017,BAJAJ,150,PULSAR
2017,BAJAJ,178,PULSAR
2017,BAJAJ,180,Eliminator
2017,BAJAJ,180,PULSAR
2017,BAJAJ,200,PULSAR
2017,BENELLI,50,491
2017,BENELLI,50,K2
2017,BENELLI,100,K2
2017,BENELLI,100,"K2 100"
2017,BENELLI,125,"2 C 125"
2017,BENELLI,125,"666 125"
2017,BENELLI,125,666125
2017,BENELLI,125,"Caffe Nero 125"
2017,BENELLI,125,"Macis 125"
2017,BENELLI,125,"TNT 125"
2017,BENELLI,150,"Macis 150"
2017,BENELLI,250,"250 4"
2017,BENELLI,254,254
2017,BENELLI,300,"Tornado 302"
2017,BENELLI,302,"BN 302"
2017,BENELLI,350,350
2017,BENELLI,350,"354 Sport"
2017,BENELLI,350,"4 Zyl. (Cyl.)"
2017,BENELLI,350,ZenZero
2017,BENELLI,449,"BX 449"
2017,BENELLI,500,"4 Zyl.(Cyl.)"
2017,BENELLI,500,"500 LS"
2017,BENELLI,500,"500 QUATTRO"
2017,BENELLI,500,LEONCINO
2017,BENELLI,500,TRK
2017,BENELLI,505,"BX 505"
2017,BENELLI,600,"BN 600"
2017,BENELLI,650,650
2017,BENELLI,650,"650 T"
2017,BENELLI,650,"654 SPORT"
2017,BENELLI,750,"750 SEI"
2017,BENELLI,756,"756 CUE"
2017,BENELLI,899,"TNT 899"
2017,BENELLI,899,"TRE 899"
2017,BENELLI,900,"900 SEI"
2017,BENELLI,900,"TRE 900"
2017,BENELLI,1130,"TNT 1130"
2017,BETA,50,ARK
2017,BETA,50,CHRONO
2017,BETA,50,QUADRA
2017,BETA,125,JONATHAN
2017,BETA,125,KR
2017,BETA,240,Alp
2017,BETA,250,CR
2017,BETA,250,EVO
2017,BETA,250,KR
2017,BETA,250,RR
2017,BETA,300,CROSSTRAINER
2017,BETA,300,EVO
2017,BETA,300,RR
2017,BETA,350,Alp
2017,BETA,350,Euro
2017,BETA,350,JONATHAN
2017,BETA,350,"M 4"
2017,BETA,350,RR
2017,BETA,390,RR
2017,BETA,430,RR
2017,BETA,480,RR
2017,BETA,500,GS
2017,BIMOTA,300,BBX
2017,BIMOTA,400,YB
2017,BIMOTA,508,BBX
2017,BIMOTA,600,Bellaria
2017,BIMOTA,600,YB
2017,BIMOTA,750,SB
2017,BIMOTA,750,YB
2017,BIMOTA,800,TESI
2017,BIMOTA,904,DB
2017,BIMOTA,906,TESI
2017,BIMOTA,1000,BB
2017,BIMOTA,1000,DB
2017,BIMOTA,1000,SB
2017,BIMOTA,1000,SB8K
2017,BIMOTA,1000,YB
2017,BIMOTA,1078,DB
2017,BIMOTA,1078,DBX
2017,BIMOTA,1078,TESI
2017,BIMOTA,1099,DB
2017,BIMOTA,1100,DB
2017,BIMOTA,1100,DBX
2017,BIMOTA,1100,TESI
2017,BIMOTA,1198,DB
2017,BIMOTA,1198,Impeto
2017,BIMOTA,1200,DB
2017,BMW,0,"C evolution (Electric)"
2017,BMW,125,C1
2017,BMW,200,C1
2017,BMW,310,G310
2017,BMW,600,R60
2017,BMW,650,"C600/650 SPORT"
2017,BMW,650,"C650 GT"
2017,BMW,650,"F650 CS"
2017,BMW,650,"G650 X"
2017,BMW,650,R65
2017,BMW,700,"F700 GS"
2017,BMW,750,K75
2017,BMW,750,R75
2017,BMW,800,F700
2017,BMW,800,"F700 GS"
2017,BMW,800,"F800 GS"
2017,BMW,800,"F800 GT"
2017,BMW,800,"F800 R"
2017,BMW,850,"R850 R"
2017,BMW,1000,HP4
2017,BMW,1000,K100
2017,BMW,1000,R100
2017,BMW,1000,"S1000 R"
2017,BMW,1000,"S1000 RR"
2017,BMW,1000,"S1000 XR"
2017,BMW,1100,"R1100 S"
2017,BMW,1150,"R1150 GS"
2017,BMW,1150,"R1150 R"
2017,BMW,1150,"R1150 RT"
2017,BMW,1200,HP2
2017,BMW,1200,"K1200 GT"
2017,BMW,1200,"K1200 LT"
2017,BMW,1200,"K1200 RS"
2017,BMW,1200,"K1200 RT"
2017,BMW,1200,"R NINE T"
2017,BMW,1200,R1200
2017,BMW,1200,"R1200 C"
2017,BMW,1200,"R1200 CL"
2017,BMW,1200,"R1200 GS"
2017,BMW,1200,"R1200 R"
2017,BMW,1200,"R1200 RS"
2017,BMW,1200,"R1200 RT"
2017,BMW,1300,"K1300 GT"
2017,BMW,1300,"K1300 R"
2017,BMW,1300,"K1300 S"
2017,BMW,1600,"K1600 B"
2017,BMW,1600,"K1600 GT"
2017,BMW,1600,"K1600 GTL"
2017,"BRP Can-Am",0,SPYDER
2017,"BRP Can-Am",70,DS
2017,"BRP Can-Am",90,DS
2017,"BRP Can-Am",200,RALLY
2017,"BRP Can-Am",427,Defender
2017,"BRP Can-Am",427,OUTLANDER
2017,"BRP Can-Am",500,OUTLANDER
2017,"BRP Can-Am",570,OUTLANDER
2017,"BRP Can-Am",570,RENEGADE
2017,"BRP Can-Am",650,DS
2017,"BRP Can-Am",650,OUTLANDER
2017,"BRP Can-Am",650,TRAXTER
2017,"BRP Can-Am",800,COMMANDER
2017,"BRP Can-Am",800,Defender
2017,"BRP Can-Am",800,OUTLANDER
2017,"BRP Can-Am",850,RENEGADE
2017,"BRP Can-Am",854,OUTLANDER
2017,"BRP Can-Am",900,MAVERICK
2017,"BRP Can-Am",976,COMMANDER
2017,"BRP Can-Am",976,Defender
2017,"BRP Can-Am",976,MAVERICK
2017,"BRP Can-Am",976,OUTLANDER
2017,"BRP Can-Am",976,RENEGADE
2017,"BRP Can-Am",1000,OUTLANDER
2017,"BRP Can-Am",1000,RENEGADE
2017,"BRP Can-Am",1000,TRAXTER
2017,"BRP Can-Am",1330,SPYDER
2017,"BRP SKI-DOO",0,"REV XP"
2017,"BS VILLA",50,"DIO GP"
2017,"BS VILLA",50,"DIO SP"
2017,"BS VILLA",50,GZ
2017,"BS VILLA",50,ZX
2017,BUELL,1200,"X1 Lightning"
2017,CAGIVA,50,"BLUES 50"
2017,CAGIVA,50,"COCIS 50"
2017,CAGIVA,50,"CUCCIOLO 50"
2017,CAGIVA,50,"LUCKY EXPLORER 50"
2017,CAGIVA,50,"NUVOLA 50"
2017,CAGIVA,50,"Super City 50"
2017,CAGIVA,50,"W4 50"
2017,CAGIVA,75,"Cocis 75"
2017,CAGIVA,80,"COCIS 80"
2017,CAGIVA,80,"Super City 80"
2017,CAGIVA,80,"W4 80"
2017,CAGIVA,90,"N90 ENDURO"
2017,CAGIVA,125,"BLUES 125"
2017,CAGIVA,125,"ELEFANT 125"
2017,CAGIVA,125,"FRECCIA 125"
2017,CAGIVA,125,"K7 125"
2017,CAGIVA,125,"MITO 125"
2017,CAGIVA,125,"MITO 525"
2017,CAGIVA,125,"NUVOLA 125"
2017,CAGIVA,125,"ROADSTER 125"
2017,CAGIVA,125,"Super City 125"
2017,CAGIVA,125,"WMX 125"
2017,CAGIVA,200,"ROADSTER 200"
2017,CAGIVA,250,"ALA BLU 250"
2017,CAGIVA,250,"ALA ROSSA 250"
2017,CAGIVA,250,"ALA VERDE 250"
2017,CAGIVA,250,"SST 250"
2017,CAGIVA,250,"SSX 250"
2017,CAGIVA,250,"ST 250"
2017,CAGIVA,250,"SX 250"
2017,CAGIVA,250,"WRX 125"
2017,CAGIVA,350,"ALA AZZURRA 350"
2017,CAGIVA,350,"ALA BLU 350"
2017,CAGIVA,350,"ALA ROSSA 350"
2017,CAGIVA,350,"ALA VERDE 350"
2017,CAGIVA,350,"ELEFANT 350"
2017,CAGIVA,350,"SST 350"
2017,CAGIVA,350,"SX 350"
2017,CAGIVA,350,"T4 ER350"
2017,CAGIVA,350,"W12 350"
2017,CAGIVA,500,"River 500"
2017,CAGIVA,500,"T4 ER500"
2017,CAGIVA,500,"WMX 500"
2017,CAGIVA,600,"RIVER 600"
2017,CAGIVA,650,"ALA AZZURRA 650"
2017,CAGIVA,650,"ELEFANT 650"
2017,CAGIVA,650,"V-Raptor 650"
2017,CAGIVA,650,"W16 650"
2017,CAGIVA,750,"DAKAR 750"
2017,CAGIVA,900,"Elefant 900"
2017,CAGIVA,900,"ELEFANT 906"
2017,CAGIVA,900,"GRAN CANYON 900"
2017,CAGIVA,906,"ELEFANT 906"
2017,CAGIVA,1000,"NAVIGATOR 1000"
2017,CAGIVA,1000,"RAPTOR 1000"
2017,"CF MOTO",125,PAPIO
2017,"CF MOTO",250,CF
2017,"CF MOTO",400,"400NK EFI"
2017,"CF MOTO",650,"650NK EFI"
2017,"CF MOTO",800,CF
2017,CPI,50,ARAGON
2017,CPI,50,BABY
2017,CPI,50,OLIVER
2017,CPI,125,SAHEL
2017,CPI,250,"XS 250"
2017,DAELIM,50,DELFINO
2017,DAELIM,50,E-FIVE
2017,DAELIM,50,HISTORY
2017,DAELIM,50,MESSAGE
2017,DAELIM,50,S-FIVE
2017,DAELIM,50,"SE CORDI"
2017,DAELIM,50,TAPO
2017,DAELIM,50,VIVO
2017,DAELIM,100,ALTINO
2017,DAELIM,100,DELFINO
2017,DAELIM,125,ALTINO
2017,DAELIM,125,BESBI
2017,DAELIM,125,"Daystar 125"
2017,DAELIM,125,HISTORY
2017,DAELIM,125,MESSAGE
2017,DAELIM,125,NF
2017,DAELIM,125,NS
2017,DAELIM,125,OTELLO
2017,DAELIM,125,ROADWIN
2017,DAELIM,125,ROCKET
2017,DAELIM,125,S2
2017,DAELIM,125,S3
2017,DAELIM,125,SL
2017,DAELIM,125,"U2 FI"
2017,DAELIM,125,VL
2017,DAELIM,125,VS
2017,DAELIM,125,VT
2017,DAELIM,150,ROADWIN
2017,DAELIM,250,ROADWIN
2017,DAELIM,250,S2
2017,DERBI,50,ATLANTIS
2017,DERBI,50,"ATLANTIS CITY"
2017,DERBI,50,DIRT
2017,DERBI,50,EASY
2017,DERBI,50,GP1
2017,DERBI,50,GPR
2017,DERBI,50,HUNTER
2017,DERBI,50,"SENDA DRD X-Treme 50 SM"
2017,DERBI,75,TT8
2017,DERBI,80,GPR
2017,DERBI,125,Mulhacén
2017,DERBI,125,PREDATOR
2017,DERBI,125,Terra
2017,DERBI,150,ATLANTIS
2017,DERBI,180,PREDATOR
2017,DERBI,200,BOULEVARD
2017,DERBI,250,GP1
2017,DERBI,250,RAMBLA
2017,DERBI,250,RC
2017,DERBI,659,Mulhacén
2017,DUCATI,250,250
2017,DUCATI,250,"250 DESMO"
2017,DUCATI,350,350
2017,DUCATI,350,"350 DESMO"
2017,DUCATI,350,"350 F3"
2017,DUCATI,350,"350 INDIANA"
2017,DUCATI,350,"350 S-GTL"
2017,DUCATI,350,F3
2017,DUCATI,350,Indiana
2017,DUCATI,350,S-GTL
2017,DUCATI,350,SUPERSPORT
2017,DUCATI,399,SCRAMBLER
2017,DUCATI,400,F3
2017,DUCATI,400,SCRAMBLER
2017,DUCATI,450,450
2017,DUCATI,500,"500 GTV"
2017,DUCATI,500,"500 PANTAH"
2017,DUCATI,500,"S 500"
2017,DUCATI,500,SUPERSPORT
2017,DUCATI,502,"502 SINGLE"
2017,DUCATI,502,"502 SUPERMONO"
2017,DUCATI,550,"550 SUPERMONO"
2017,DUCATI,600,"600 SL"
2017,DUCATI,600,"TL PANTAH"
2017,DUCATI,620,"Monster 620"
2017,DUCATI,620,"Multistrada 620"
2017,DUCATI,620,"MULTISTRADA 620 SD"
2017,DUCATI,650,"650 DESMO"
2017,DUCATI,650,"650 INDIANA"
2017,DUCATI,696,"MONSTER 696"
2017,DUCATI,750,"750 PASO"
2017,DUCATI,750,SUPERSPORT
2017,DUCATI,795,"Monster 795"
2017,DUCATI,797,"Monster 797"
2017,DUCATI,800,"MONSTER 800"
2017,DUCATI,800,SCRAMBLER
2017,DUCATI,803,SCRAMBLER
2017,DUCATI,803,"Scrambler Caf"
2017,DUCATI,821,HYPERMOTARD
2017,DUCATI,821,Monster
2017,DUCATI,821,"Monster 821"
2017,DUCATI,848,SUPERBIKE
2017,DUCATI,849,"Streetfighter 848"
2017,DUCATI,906,Paso
